{
    "networks": {
        "bsc": {
            "rpc_url": "your_bsc_rpc_url",
            "chain_id": "56"
        },
        "polygon": {
            "rpc_url": "your_polygon_rpc_url",
            "chain_id": "137"
        },
        "solana": {
            "rpc_url": "your_solana_rpc_url"
        }
    },
    "trading_parameters": {
        "max_gas_price": "10000000000",
        "profit_threshold": "0.5",
        "max_slippage": "0.01"
    },
    "wallet": {
        "solflare_secret_key": "your_solfare_secret_key"
    }
}
